vendor,source
Fortinet,https://www.fortinet.com/content/dam/fortinet/assets/data-sheets/pdf/fortigate-100f-series.pdf
Fortinet,https://www.fortinet.com/content/dam/fortinet/assets/data-sheets/pdf/fortigate-fortiwifi-60f-series.pdf
Fortinet,https://www.fortinet.com/content/dam/fortinet/assets/data-sheets/pdf/fortigate-200f-series.pdf
Fortinet,https://www.fortinet.com/content/dam/fortinet/assets/data-sheets/pdf/fortigate-fortiwifi-50g-series.pdf
Fortinet,https://www.fortinet.com/content/dam/fortinet/assets/data-sheets/pdf/fortigate-120g-series.pdf
Fortinet,https://www.fortinet.com/content/dam/fortinet/assets/data-sheets/pdf/fortigate-fortiwifi-80f-series.pdf
Fortinet,https://www.fortinet.com/content/dam/fortinet/assets/data-sheets/pdf/fortigate-1000f-series.pdf
Fortinet,https://www.fortinet.com/content/dam/fortinet/assets/data-sheets/pdf/fortigate-400f-series.pdf
Fortinet,https://www.fortinet.com/content/dam/fortinet/assets/data-sheets/pdf/fortiswitch-campus-series.pdf
Fortinet,https://www.fortinet.com/content/dam/fortinet/assets/data-sheets/pdf/fortigate-600f-series.pdf
Fortinet,https://www.fortinet.com/content/dam/fortinet/assets/data-sheets/pdf/fortigate-200g-series.pdf
Fortinet,https://www.fortinet.com/content/dam/fortinet/assets/data-sheets/pdf/fortigate-fortiwifi-30g-series.pdf
Fortinet,https://www.fortinet.com/content/dam/fortinet/assets/data-sheets/pdf/fortigate-900g-series.pdf
Fortinet,https://www.fortinet.com/content/dam/fortinet/assets/data-sheets/pdf/fortigate-fortiwifi-40f-series.pdf
Fortinet,https://www.fortinet.com/content/dam/fortinet/assets/data-sheets/pdf/fortigate-90g-series.pdf
Fortinet,https://www.fortinet.com/content/dam/fortinet/assets/data-sheets/pdf/fortiswitch-secure-access-series.pdf
Fortinet,https://www.fortinet.com/content/dam/fortinet/assets/data-sheets/pdf/fortiap-series.pdf
Fortinet,https://www.fortinet.com/content/dam/fortinet/assets/data-sheets/pdf/fortigate-7000f-series.pdf
Fortinet,https://www.fortinet.com/content/dam/fortinet/assets/data-sheets/pdf/fortitelemetry.pdf
Fortinet,https://www.fortinet.com/content/dam/fortinet/assets/data-sheets/pdf/fortimail-workspace-security.pdf
Fortinet,https://www.fortinet.com/content/dam/fortinet/assets/data-sheets/pdf/fortiswitch-ax-series.pdf
Fortinet,https://www.fortinet.com/content/dam/fortinet/assets/data-sheets/pdf/fortinet-rugged-accessories.pdf
Fortinet,https://www.fortinet.com/content/dam/fortinet/assets/data-sheets/pdf/fortigate-fortiwifi-70g-series.pdf
Fortinet,https://www.fortinet.com/content/dam/fortinet/assets/data-sheets/pdf/fortigate-700g-series.pdf
Fortinet,https://www.fortinet.com/content/dam/fortinet/assets/data-sheets/pdf/fortidevice-cloud.pdf
Fortinet,https://www.fortinet.com/content/dam/fortinet/assets/data-sheets/pdf/fortiauthenticator-cloud.pdf
Fortinet,https://www.fortinet.com/content/dam/fortinet/assets/data-sheets/pdf/fortidata.pdf
Fortinet,https://www.fortinet.com/content/dam/fortinet/assets/data-sheets/pdf/fortibranchsase.pdf
Fortinet,https://www.fortinet.com/content/dam/fortinet/assets/data-sheets/pdf/fortiappsec-cloud.pdf
Fortinet,https://www.fortinet.com/content/dam/fortinet/assets/data-sheets/pdf/fortisase-sovereign.pdf
Fortinet,https://www.fortinet.com/content/dam/fortinet/assets/data-sheets/pdf/fortitip.pdf
Fortinet,https://www.fortinet.com/content/dam/fortinet/assets/data-sheets/pdf/fortiap-hd.pdf
Fortinet,https://www.fortinet.com/content/dam/fortinet/assets/data-sheets/pdf/fortiidentity-cloud.pdf
Ubiquiti,https://dl.ui.com/ds/udm_ds.pdf
Ubiquiti,https://dl.ui.com/ds/uxg-pro_ds.pdf
Ubiquiti,https://dl.ui.com/ds/usw-pro-24-poe_ds.pdf
Ubiquiti,https://dl.ui.com/ds/usw-pro-48-poe_ds.pdf
Ubiquiti,https://dl.ui.com/ds/usw-enterprise-24-poe_ds.pdf
Ubiquiti,https://dl.ui.com/ds/usw-enterprise-48-poe_ds.pdf
Ubiquiti,https://dl.ui.com/ds/u6-lite_ds.pdf
Ubiquiti,https://dl.ui.com/ds/u6-lr_ds.pdf
Ubiquiti,https://dl.ui.com/ds/u6-pro_ds.pdf
Ubiquiti,https://dl.ui.com/ds/u6-mesh_ds.pdf
Ubiquiti,https://dl.ui.com/ds/ua-g2-pro_ds.pdf
Ubiquiti,https://dl.ui.com/ds/uvc-g4-pro_ds.pdf
Ubiquiti,https://dl.ui.com/ds/uvc-g5-pro_ds.pdf
Ubiquiti,https://dl.ui.com/ds/uvc-g5-bullet_ds.pdf
Ubiquiti,https://dl.ui.com/ds/uvc-g5-dome_ds.pdf
PaloAlto,https://www.paloaltonetworks.com/content/dam/pan/zh_CN/assets/pdf/datasheets/panorama/panorama.pdf
PaloAlto,https://www.paloaltonetworks.com/content/dam/pan/tr_TR/assets/pdf/datasheets/cortex-xsoar.pdf
